sleep_hours,steps_walked,screen_time_hrs,social_media_time_hrs,calls_made,music_minutes,weather_condition,caffeine_intake_mg,journaled_today,meditated_today,mood
9.363283578645099,6243,0.3630091119529375,1.1461890219021935,5,196,cloudy,137,1,0,Positive
3.889149580629676,12448,6.814709427977348,5.635275780900632,11,160,cloudy,448,0,1,Negative
5.999765377665875,7683,1.2986600731722149,1.5974291453317941,9,64,cloudy,70,1,1,Positive
5.66404794958874,4346,4.377924169324745,2.4041285499489993,8,236,rainy,254,1,0,Neutral
7.678548921428041,15444,2.3142737582190382,-0.5673536606548601,13,251,rainy,112,0,0,Positive
4.30366816512871,15242,5.282191679106115,4.087834826594208,5,268,rainy,309,0,0,Negative
8.237634108726763,7520,1.8316175765764828,1.3317999978760382,11,188,sunny,211,0,1,Positive
5.351571021762796,5477,2.5393125049081844,0.8904992411568886,9,43,rainy,134,0,0,Positive
5.8911668765083345,4835,1.6910236359765396,-0.33828923465122407,3,280,sunny,193,1,1,Positive
7.075929743542801,4558,2.537618231112775,2.701716581575072,2,291,cloudy,143,1,1,Positive
7.171933420675255,11853,2.554830960386363,0.1024021883973758,8,185,cloudy,89,0,1,Positive
5.4245872462223135,10480,3.744985207088117,0.5594666028302833,2,268,sunny,273,0,1,Neutral
4.940065706629642,6184,6.520985235050383,3.8075030497481626,8,93,sunny,331,0,0,Negative
7.767011203624242,2073,2.0982223138129585,0.1673491821638492,0,80,rainy,155,1,1,Positive
3.2477531415419683,4510,3.9583786417550644,4.919539636236374,8,5,rainy,373,1,1,Negative
5.40335289815801,9273,3.289792459499238,2.4467569578720867,11,261,sunny,343,0,1,Neutral
6.605531724992365,11209,1.7646443572600194,0.4459218337367875,4,33,sunny,136,0,0,Positive
7.217205049165642,3027,3.1113570265273633,2.4773310596556524,6,150,rainy,307,1,1,Neutral
4.928575849935464,9101,4.721583141275983,1.0045891247397305,13,66,rainy,236,0,1,Neutral
8.007785202429105,12348,1.8940958476855267,0.9195678595727108,7,275,cloudy,91,0,1,Positive
5.739223573600975,8763,1.0320768809452323,1.0520094646294893,12,3,cloudy,160,0,1,Positive
5.374601244388193,15063,6.561774870114585,4.884644374426558,8,224,rainy,378,1,0,Negative
5.542394364808113,13601,5.813358287449715,2.136135446810037,4,266,cloudy,354,1,1,Negative
6.163291845820134,7626,4.080932588853835,2.459719181677713,4,254,sunny,322,1,1,Neutral
8.433083608564818,8009,3.553432440682459,2.270336756709189,8,181,cloudy,264,0,0,Neutral
6.764475773034533,15837,1.6841111554821762,2.619071080872329,0,261,cloudy,185,1,0,Neutral
6.444148203986819,9596,1.8203136562469457,0.9212494037346264,13,296,rainy,154,0,0,Positive
7.328015341520016,9962,6.973403871559086,3.232872412882641,10,238,cloudy,392,0,1,Negative
4.251526526111994,13735,5.251020850381337,3.703331841593664,7,286,sunny,433,1,0,Negative
5.202026962595575,15653,4.148040434555345,2.7710909822158607,5,150,rainy,249,1,0,Neutral
6.120127789644419,2588,2.124394245958429,0.30871600498630536,11,131,sunny,107,1,0,Positive
6.070245414845254,3527,4.392549096138202,4.284471588834416,9,12,rainy,399,0,0,Negative
6.478516303795439,13089,0.5347466071442544,-0.4370235262921205,8,180,sunny,138,1,1,Positive
4.924232297638553,7498,3.914613518091265,1.829976719400538,12,73,rainy,356,0,0,Neutral
4.93800628816735,15197,7.221506393239013,4.074959787843199,9,143,rainy,366,1,0,Negative
3.577613887173505,11285,6.100959324445092,3.1347005119130307,3,177,sunny,380,0,1,Negative
8.09152314065521,15153,1.7345022815009832,3.921091626170762,1,1,sunny,91,0,1,Positive
7.2909732761354356,10390,4.603774002493688,2.8954369639302895,12,75,rainy,266,0,0,Neutral
6.34830203277403,13443,4.2977949422628425,2.1402554235238402,5,237,sunny,157,1,1,Neutral
7.82100233053965,7100,3.3681045483194216,0.9502374645966118,12,103,cloudy,84,0,0,Positive
6.893448827672378,9445,2.1524740266019964,1.63882281187015,1,266,cloudy,138,0,0,Positive
6.96557359833629,7729,0.6765480337947951,0.21989261957076633,7,167,cloudy,161,0,0,Positive
6.703195325349317,12791,3.5284084446395894,1.3493943642459492,6,200,rainy,251,0,0,Neutral
5.497581208723884,13060,6.038878690045899,4.372063381741822,11,64,rainy,446,0,1,Negative
5.064335303758008,11912,4.546255661084067,3.3526990420792435,11,196,sunny,243,1,1,Negative
6.6385982557075405,8764,5.072778318883504,3.984007850574266,5,182,rainy,407,1,1,Negative
6.602941525514614,9211,1.8060674282758375,1.5483828084447717,12,255,sunny,210,1,1,Positive
6.646065225985938,10129,3.738752870406131,1.6871978991611098,8,202,sunny,313,1,0,Neutral
6.33046543546632,2302,3.608647124713027,3.0027969734526216,2,235,rainy,330,0,0,Neutral
6.503454398011577,10471,6.691706406831833,4.926094185149363,14,10,sunny,281,0,1,Negative
6.737034465789113,11201,2.381474127412769,3.288629333065739,6,57,sunny,179,1,0,Neutral
5.760138667304635,13060,2.3183686850870715,2.6561431245388074,8,111,sunny,168,1,0,Neutral
7.492087135339927,11161,2.490659012619556,1.6413316019020718,4,188,cloudy,225,1,1,Neutral
6.578420369266304,6885,1.2597253059943216,-0.843417046261921,12,285,rainy,121,0,1,Positive
7.8436418822604175,4248,4.085644204912661,2.4217697507590468,6,13,rainy,160,1,1,Positive
8.254652273831006,3372,2.762721784020975,2.0027498165522997,2,111,sunny,154,0,0,Positive
8.94159259286041,11407,1.5530597676024094,2.424808760449753,6,12,sunny,83,1,0,Positive
4.215705632459748,7224,4.225755344191214,1.0175240392573761,4,239,sunny,235,0,0,Neutral
7.660607150038269,4965,4.54798661479213,1.1771882992169818,6,285,sunny,311,0,0,Neutral
6.756945316431909,12915,3.036764144686798,2.686979414469047,13,66,sunny,282,1,1,Neutral
6.313082462889642,4981,2.1580304674295183,1.9654513729970668,9,161,cloudy,214,1,1,Positive
6.7147488408260045,9691,3.0157895782610966,3.1917845285123843,10,209,cloudy,241,1,0,Neutral
5.429997634250037,5554,5.181058503946714,3.633895510382816,14,260,sunny,396,1,0,Negative
7.028158950004116,9512,4.526497404582589,2.0199663431817045,1,188,sunny,267,1,0,Neutral
8.674485625699452,5863,1.4561680437368594,-0.16601185238231153,11,104,cloudy,150,1,0,Positive
6.9978616461212795,5226,1.9683893186821346,2.306483448782606,8,217,sunny,60,0,1,Positive
5.315927760585771,11640,5.934084506652935,4.929344796137566,4,230,cloudy,379,1,1,Negative
5.005209539074333,15880,4.143904073500615,4.279559084207381,11,36,sunny,184,1,0,Neutral
7.527090220076176,9015,3.7452558534434197,3.438838642911139,4,210,sunny,236,1,0,Neutral
6.536265437800106,8558,1.7277688800195776,4.328775429388226,2,29,cloudy,201,1,0,Neutral
5.494975170272354,6315,6.256291136430775,4.405473123618937,11,94,sunny,324,1,1,Negative
5.53845484898576,9087,3.6047550442622303,2.273876273645465,10,80,sunny,235,0,1,Neutral
7.169884345964615,13523,5.008602158375342,3.42969339488088,13,103,rainy,358,0,1,Negative
7.793211688508599,3248,3.2322522024688087,3.236411403696272,2,16,cloudy,220,0,0,Neutral
6.970629528837334,10705,0.7469830510935804,1.604333674466171,4,298,cloudy,44,1,0,Positive
6.66907896656427,11076,3.9350160495469804,4.435171099776457,13,138,sunny,416,1,0,Negative
7.998752492977675,15650,3.0862375062807015,3.675852296434753,5,165,rainy,224,1,1,Neutral
7.329088901213651,4866,3.0276767602530454,4.612019623620075,3,247,cloudy,163,0,0,Neutral
6.6072473250968695,12514,0.09234412460931751,0.8297891744517775,4,185,rainy,125,0,0,Positive
4.967459205439124,10136,4.763430437243247,3.6348095487501557,13,197,sunny,389,1,1,Negative
5.758725312769418,15208,3.686970608213284,3.207134744320927,11,33,cloudy,220,1,0,Neutral
8.192329937290364,15737,2.246703106716033,0.8215664771203974,0,283,rainy,180,0,1,Positive
6.761090040782636,5957,3.8173998603290245,2.6768924460523684,11,204,rainy,188,1,1,Neutral
5.318199012249715,3354,2.0863065633145843,2.4487601076323067,3,230,cloudy,155,1,0,Positive
6.2795471787293415,4758,5.171681852578339,3.274427332423525,14,206,cloudy,307,0,1,Negative
6.230093820895366,10818,5.161815093120369,4.602309414744063,12,51,cloudy,350,0,1,Negative
7.589527391273769,5905,5.09540416857619,3.4413479065104093,12,144,sunny,200,0,1,Neutral
6.239908939865149,10427,3.1315845586124045,3.1220751965181024,5,146,rainy,245,1,0,Neutral
8.242211591820483,3229,-0.1840819828295177,2.5638700716413068,3,106,rainy,143,0,1,Positive
4.540906760114321,12168,2.375297285236267,1.922603751261232,9,125,cloudy,247,0,1,Neutral
7.943287227266671,13267,3.8002843236208013,5.100671870417404,6,174,rainy,165,1,1,Neutral
5.308151769972405,14587,3.705656674019517,4.410342501588043,8,58,cloudy,316,0,1,Neutral
6.41660287209627,6170,4.389224233386529,4.153470047940046,8,209,rainy,397,1,1,Negative
4.91663716432106,2587,5.74686263854267,3.845850088579363,0,246,cloudy,420,1,0,Negative
5.370659130548084,4050,3.6816685408064744,3.0516637615032494,14,213,cloudy,352,1,1,Negative
6.809090484397164,7899,3.408188969865547,3.869402152722082,1,52,sunny,267,0,0,Neutral
5.974014752938988,14204,2.5874839323135186,1.0594904118885673,1,41,sunny,39,1,1,Positive
6.728822911639155,15209,2.8008023151803925,2.3412954499315894,10,225,cloudy,148,0,1,Positive
3.9131347972635675,9466,5.226403213842314,3.150885042055963,8,132,cloudy,326,0,1,Negative
3.3976494245194555,4836,6.814821837638972,3.5705611404939748,5,48,cloudy,413,1,0,Negative
4.872942444805703,2666,3.064965970540308,0.7676726679167254,5,50,sunny,299,1,0,Neutral
6.503952229833623,8118,4.3869625661584655,2.070194489959349,2,27,sunny,255,0,0,Neutral
4.834882309007087,9413,3.4279269786779043,2.5653056053383483,14,231,rainy,377,1,0,Neutral
6.2412131331364185,12348,3.7082331707110066,0.8584460451479872,12,18,cloudy,277,1,0,Neutral
6.138912586017838,11325,5.451970769170288,5.027878919919963,6,260,sunny,364,0,1,Negative
8.6489607771083,2027,2.443564989518533,1.8032024255682675,13,193,sunny,143,0,1,Positive
5.317938889038917,9536,5.831662374763003,1.8606321130783794,6,13,sunny,417,1,1,Negative
7.440811463696406,9893,1.610085438187422,1.3569963802827492,8,25,cloudy,100,0,0,Positive
5.369829613906234,4412,4.437578920533188,2.889269324873295,8,57,rainy,324,0,1,Negative
7.211363092023011,10185,2.536481005123586,1.3184675095919656,10,226,rainy,204,0,0,Positive
4.970858857416976,5565,6.441313851333453,1.6898387125971626,8,0,rainy,359,0,0,Negative
5.6929822709337,4431,6.310694941711081,3.2627197644790917,6,226,rainy,316,0,1,Negative
6.60565117640826,3712,4.231750340579277,3.968227255789376,4,226,rainy,323,1,1,Negative
6.657483282255876,7204,3.4723015411663973,1.489453791221375,5,254,cloudy,348,1,1,Neutral
5.807165134656929,2244,5.633476259371335,4.306480081844285,3,44,rainy,285,1,0,Negative
7.034271969323382,15769,3.2914006777755445,1.8571487010374321,14,56,rainy,306,0,0,Neutral
5.176619393375794,13465,3.1442504315003608,4.444355925109836,0,15,rainy,343,0,0,Negative
6.531659055821308,3865,4.722529978431177,4.028493445600294,10,276,sunny,284,1,0,Negative
7.867019065683249,2602,2.974691666373554,0.3762395128321798,8,191,cloudy,156,0,0,Positive
6.67933527391619,3850,4.448137473471534,4.251521444243218,10,143,rainy,365,0,0,Negative
6.704288912632513,15628,5.509218561174876,2.280755848143127,1,56,cloudy,154,1,0,Neutral
7.349259077610779,14681,2.7465155364508265,-0.8621735195433882,2,172,rainy,162,1,0,Positive
7.0594035229757015,9531,1.2708318013016888,1.0843519718120818,0,97,sunny,75,1,0,Positive
5.967893120427435,4396,2.226766824168884,3.2287815212616,2,90,cloudy,136,1,1,Neutral
5.169668780627206,7353,5.718008485018082,3.939709962162985,8,121,sunny,273,0,1,Negative
7.651776718593404,14012,2.5695826861530566,-0.9448652426840487,11,120,cloudy,178,0,0,Positive
8.197817654549914,12097,1.7269737812743777,-0.05464764842658454,1,236,sunny,196,0,1,Positive
5.598646363287942,15513,5.279804336121194,4.329802925015703,9,265,sunny,332,1,1,Negative
8.71185883676798,9278,3.397562965786716,3.069844317800091,1,217,cloudy,207,0,0,Neutral
7.729386412071159,2814,3.0437832818834574,1.0791721511719017,9,13,sunny,191,1,1,Positive
6.588263730781524,2993,3.1896891504207834,3.8992299246853506,5,173,sunny,236,1,1,Neutral
4.767735171869069,12932,5.851513230377635,5.089013944349466,10,131,rainy,422,0,0,Negative
4.6142545463260545,6506,4.778529188984665,3.005300611427171,8,201,rainy,178,0,1,Neutral
8.922484681081201,5127,2.4931762207792647,0.9054847087561375,0,225,sunny,173,1,0,Positive
6.287298069964484,13306,7.773921112969854,2.245516189864818,2,255,rainy,293,0,1,Negative
7.322931586877513,8558,2.293367480604578,0.21005381378454002,0,110,rainy,141,0,1,Positive
4.118903302091928,11140,6.450547180706809,3.4962564127585067,13,147,rainy,349,1,1,Negative
5.805802849945584,14393,5.273130444287078,3.2691088887828252,1,246,rainy,438,0,0,Negative
8.822867094054963,6204,3.1312364637944494,3.3609732704959465,4,254,cloudy,276,1,0,Neutral
6.53763272260884,13100,2.123127276239141,0.6402091204315842,11,261,rainy,224,0,1,Positive
7.094592547493424,13977,1.0988798530596957,1.3757324069307315,11,221,rainy,193,0,0,Positive
6.421318983683119,10552,2.0970647801734605,0.9439331940460305,12,278,cloudy,196,1,1,Positive
5.411960178008034,10735,4.079872849257086,4.163175650001464,12,182,sunny,271,0,1,Negative
7.084559107882043,13171,2.9675623410010505,4.121727978249595,4,82,rainy,255,0,0,Neutral
5.757154208500684,15759,4.015438946231155,3.2903657152690515,4,247,sunny,375,1,0,Negative
6.660934570448017,13884,3.17213409032656,3.239029402618335,3,289,rainy,187,0,1,Positive
5.750453546899907,2279,4.112239786846496,2.229367191523855,14,243,cloudy,266,1,0,Negative
7.520820601226807,2653,2.037844861434709,0.007164940224072769,9,248,rainy,244,1,0,Positive
5.1805708676565825,11868,4.384114654715861,1.7264871972392886,2,148,cloudy,226,0,1,Neutral
5.467459931704152,5576,-0.4542510296399751,0.42030729665342303,14,175,cloudy,111,1,0,Positive
7.866767864426931,11323,1.5031819727964018,1.1246207645146131,7,82,cloudy,175,0,0,Positive
6.6552663847153095,6370,6.943540015300982,4.64318427251478,8,151,rainy,324,0,0,Negative
8.049709121688034,2319,3.6434639280713803,1.0366549391664996,5,92,rainy,314,1,0,Neutral
5.679401424052807,14356,2.6947016081484176,4.0770882124700965,1,169,cloudy,348,0,0,Neutral
6.7020161638777465,6321,3.429660379842257,2.5522789511343014,4,58,cloudy,204,1,1,Neutral
5.6803323198527655,7037,1.6138790287587925,0.6030583087655248,6,107,rainy,134,0,1,Positive
7.572198889815233,12484,2.7155674570904784,1.1266270453794622,3,262,rainy,15,0,1,Positive
7.079261260289028,10635,2.8191928951992287,1.5780323406906163,14,19,cloudy,230,1,0,Neutral
6.46580238675569,2106,3.8741379978015837,2.920141622211694,1,161,sunny,267,1,0,Neutral
6.0876501681440285,8334,3.318850963086917,0.7796846344289208,11,24,cloudy,85,0,1,Positive
5.830370600720566,8340,4.946792073920323,2.3176857445770436,13,38,rainy,313,0,0,Neutral
4.943345491134852,11068,3.9225203481354267,3.748123609244114,4,194,cloudy,369,1,0,Negative
4.90584403902099,6728,5.9952056701462775,4.712738331517644,13,52,cloudy,356,1,1,Negative
6.676518757873229,2540,5.044534365931292,3.896062195701339,2,289,sunny,190,0,1,Neutral
5.926645796506898,11487,2.869774252369395,0.809002238190951,0,183,sunny,242,1,1,Neutral
6.960453241300943,13223,1.8855390273001025,1.9127814359754791,7,74,cloudy,305,1,1,Neutral
8.28486114718457,13298,4.157221147280842,0.7340242507232946,9,131,rainy,212,1,0,Positive
8.843179075133822,5589,2.801268803667974,3.14815623655286,6,289,cloudy,133,1,0,Positive
5.416053414955071,11113,5.883764728232867,4.582033448432392,12,170,cloudy,430,1,1,Negative
6.054435957339821,2730,3.564785739293914,3.207872158693135,6,185,rainy,381,1,0,Neutral
6.624575789338449,7930,5.163038957754906,2.321628895719664,11,291,rainy,321,0,1,Neutral
6.052531637817894,11325,4.100166878252292,4.247668230497698,13,240,sunny,256,0,0,Neutral
7.984154248534059,7522,3.4167108085591273,0.22282840269812842,14,202,sunny,179,1,1,Positive
6.195097148954177,12849,4.1462177748951765,3.413884658283507,2,162,rainy,286,0,1,Neutral
7.033734326298381,2835,3.7820853995153043,3.236165479245019,6,225,sunny,370,0,1,Neutral
4.268448370239333,12895,4.6866044912471825,4.118977958365812,4,120,sunny,326,0,0,Negative
6.382876461573332,9425,3.3974705192291728,2.6251746116962846,11,272,sunny,306,0,0,Neutral
5.592949936043158,12699,4.155680909608564,5.239826500051955,7,136,rainy,272,0,0,Negative
6.397226761842416,3264,2.0323211133588086,-0.5406997023214091,0,34,rainy,95,0,1,Positive
8.0619184972451,15200,3.070709426065544,1.4714131631848153,0,148,rainy,168,1,1,Positive
6.908367422435591,7137,4.062886438557964,-0.01924039134340605,7,223,rainy,179,1,0,Positive
7.600381811104249,2941,4.391515319989245,2.093361030096566,11,220,rainy,253,0,0,Neutral
5.949969355640345,10255,1.6152194812310188,-0.05146249239655121,8,203,rainy,-3,0,0,Positive
6.161616330826925,14085,3.3701676617582255,2.9835494588449083,3,188,rainy,391,0,0,Negative
8.51907676381335,11050,2.243319871831878,2.978124996363013,4,80,sunny,370,0,0,Neutral
6.4570076677017685,3702,3.055796936007051,1.7265004175055418,13,166,rainy,194,1,1,Neutral
6.900097075443419,4886,2.108336863094971,1.5919743546289489,14,23,sunny,170,0,0,Positive
7.5883891525482206,10291,1.0316699250825794,1.148657476291483,4,224,rainy,90,1,1,Positive
5.714764233869797,6619,2.2967565446240243,2.4890856621090904,7,149,sunny,216,1,1,Neutral
6.940385706945577,15516,2.078616805724695,-0.4678607066997438,9,103,rainy,120,0,1,Positive
8.56709777645723,9063,3.705274568249886,0.4608146999219237,5,244,cloudy,169,1,0,Positive
7.277324703771462,12990,1.6185162014686585,2.122735544517874,10,204,sunny,205,1,1,Neutral
5.928120834578758,10567,2.6343663584139736,1.136922331844295,8,269,cloudy,214,0,1,Neutral
4.392907824128264,10147,4.239156588994868,3.4938127308022384,10,276,cloudy,229,1,0,Negative
5.90383574837684,8937,3.709806930900911,3.557957561481885,12,133,sunny,234,0,1,Neutral
7.497296880049308,11338,2.7956680665098217,0.7870689082521549,14,167,sunny,96,0,0,Positive
4.693764293741093,13579,5.956222764549306,5.120020106859598,1,285,sunny,326,1,1,Negative
5.964704010178641,9409,3.6637704463046146,2.0113052840819163,6,235,cloudy,265,0,1,Neutral
5.8642078995201965,8822,5.532268669268872,3.786240251825393,5,43,rainy,268,1,0,Negative
5.801732004575671,6009,5.110458978298244,3.2247491503292602,14,3,rainy,202,1,0,Neutral
7.167689179248039,15978,6.525303172392487,2.9891751171092036,7,74,rainy,360,1,1,Negative
6.578468576014343,15698,4.561434959762639,3.5067039239223363,1,186,rainy,279,1,0,Neutral
7.770058792454802,7592,4.938308596914226,3.306942688985575,14,180,cloudy,452,1,1,Negative
7.447548782222132,2859,2.8428289054301814,1.949024312520416,8,252,cloudy,186,1,1,Positive
6.132681110266523,13379,6.672833342238672,4.369560908428672,1,238,cloudy,416,0,1,Negative
7.455709711355806,5217,3.9318854841446305,3.5982730577258453,1,187,rainy,206,0,1,Neutral
5.268056608555678,2269,2.080765919185329,2.8771162973685955,9,112,rainy,336,0,0,Neutral
5.511310262362169,4453,5.104723089014255,4.705096249679183,13,221,rainy,349,1,0,Negative
3.8806766622664695,12828,5.951254044297204,4.665907143704038,6,197,rainy,389,1,0,Negative
5.43126922306091,4151,5.847820120333501,3.933585308599185,11,185,rainy,293,0,1,Negative
6.9491926139413405,4833,4.4965080510669075,0.41640766070507507,8,173,rainy,272,1,0,Neutral
7.346930604131612,15569,3.6557939307315888,3.389513553005761,0,233,sunny,149,1,0,Neutral
7.53042465612137,11743,0.7837196907824255,1.7530836629367292,13,112,cloudy,224,1,0,Neutral
5.792870729258955,13710,3.9428908436071817,3.137910159258565,7,175,cloudy,304,0,1,Negative
6.0146559996489595,7768,3.675067458837443,2.9066572469576393,12,109,rainy,281,1,0,Neutral
6.20256709656297,15321,2.705293882402783,2.2072879040578575,13,2,rainy,237,1,0,Neutral
6.682420576573134,6529,3.9395502060313077,2.3920380568663515,2,225,cloudy,240,0,1,Neutral
8.23389359462549,7876,3.0932020809932603,0.014519474128648402,5,58,rainy,176,1,1,Positive
9.689456740119562,8534,3.837105967758025,0.4041660856950994,10,114,rainy,219,0,1,Positive
6.99585837694323,6739,2.5537793796438413,1.0593676568039827,9,84,rainy,256,0,0,Neutral
6.4744104899821355,3609,1.7988552730004783,1.2457497730282499,10,100,rainy,141,0,0,Positive
6.290834154927529,6870,4.146615613915258,1.1690987184643098,8,50,rainy,234,0,1,Neutral
5.681674771985196,11569,2.880195225172661,3.241551050959689,5,195,sunny,330,1,0,Neutral
8.007113390169494,5226,3.6277551956307184,2.6418252974024554,3,209,cloudy,204,1,1,Positive
7.848123078800095,2563,0.07617315797091129,0.24668589482985914,14,228,sunny,124,1,0,Positive
5.975470104481834,12043,4.756399888347899,2.9641566997159075,0,269,sunny,281,1,0,Negative
5.560518238638256,10684,2.1246980500545245,3.367665218013112,9,286,sunny,252,1,1,Neutral
4.964416290095327,13694,7.570545487179463,3.6527641262789103,13,67,rainy,350,1,0,Negative
5.963952983937993,14118,4.569792391858966,2.699784621419424,10,79,sunny,263,0,1,Neutral
5.092340047330387,10644,3.917053888992124,3.232485297007388,1,270,sunny,255,1,1,Neutral
6.794364882632491,9383,3.924902672349873,1.4015777471078472,12,218,sunny,301,1,0,Neutral
3.9750274557855994,9619,5.263666785857521,3.8506915273351163,9,208,sunny,283,0,0,Negative
5.474189253872291,9920,3.5441290987962755,3.579130649054236,2,218,cloudy,222,1,1,Neutral
7.399973024688973,11124,1.9037590141299454,0.6122648982485289,5,15,rainy,134,1,1,Positive
5.6936334202009204,4638,0.7227753881937,0.03517403903796168,5,122,rainy,105,0,0,Positive
6.093728818309395,12969,3.072290746942424,1.4768268699710498,8,209,sunny,324,1,1,Neutral
7.401301607860302,9849,0.10770000657762413,3.156270660956889,1,224,cloudy,198,1,0,Neutral
8.960601497499086,12136,3.297861869015997,3.162642642313316,5,22,rainy,145,1,1,Positive
7.175937918367942,2919,1.261872597277934,0.0366513936620525,6,228,cloudy,146,0,1,Positive
5.888218098765739,3196,5.2564786430302215,4.343699976477568,1,72,cloudy,258,1,1,Neutral
4.894582251983844,12298,5.960781860566233,3.460300792935221,6,168,sunny,283,1,0,Negative
5.873882756091686,15995,2.1252056114914204,3.6934145851406344,14,205,sunny,185,0,0,Neutral
7.195857773674483,15827,2.4440406409310436,1.8510440725521848,3,291,sunny,239,1,0,Neutral
6.74989149270638,5276,4.511447891218946,0.5040231308432357,8,188,rainy,319,0,0,Neutral
7.411553493069814,8355,1.4507680867553336,0.9742224881344532,13,173,rainy,253,0,0,Neutral
5.790145494710567,12073,4.636592857715686,2.7428898227832703,14,137,cloudy,281,0,1,Neutral
6.253022593468993,15448,2.4444687113578176,2.5303861314648826,10,227,sunny,154,0,1,Neutral
6.591264117290153,7865,2.676386723541605,2.8619607107010485,4,242,sunny,233,1,1,Neutral
4.706887617111198,5320,4.175008257561443,5.2606603857004135,12,101,sunny,276,1,1,Negative
6.390641155499809,3325,2.9342186714543894,1.0327506673494922,13,285,rainy,329,0,0,Neutral
7.192508735613412,3273,2.4631328388756533,3.3013010182970275,8,260,rainy,289,0,1,Neutral
5.645476426404877,13029,5.826465323212836,4.109879447605626,4,87,rainy,225,1,0,Negative
6.604597221789699,3584,4.929992674061121,2.741833675725198,12,93,rainy,356,1,1,Negative
8.448456427094307,3558,2.737354193367398,0.4692600974193274,13,26,sunny,183,1,0,Positive
6.447846754375107,12696,6.180536729028425,4.891399243561426,10,144,rainy,343,1,1,Negative
5.932353753504476,2438,2.8477574332106546,0.5253341310763682,3,206,sunny,92,1,0,Positive
6.674869058528872,9399,1.006949171240239,-0.8542007395138997,6,255,cloudy,111,1,1,Positive
8.98304348457424,6796,3.7738521312250555,1.8416610368375195,11,293,cloudy,81,1,1,Positive
6.8754668848016225,4718,4.371758495897829,0.9817932948105652,5,45,rainy,229,1,0,Neutral
6.793410425148529,2658,4.17471583406329,2.405471983079802,3,40,rainy,333,1,0,Negative
6.622432465848737,12167,4.707552584159437,3.8514235647482034,5,161,rainy,276,0,1,Neutral
5.964961044057974,4340,1.381549365359704,2.983471726085733,10,94,sunny,274,0,0,Neutral
6.5942759654336705,13248,2.792209217713812,0.41476258249050013,12,133,sunny,88,1,0,Positive
5.887921666802077,7545,3.131563656677089,1.4811144006440908,12,67,rainy,239,1,1,Neutral
4.483323806411992,12337,5.358556188591103,3.7579499429459307,7,152,sunny,277,0,0,Neutral
5.676089889726438,9318,3.3777076419674197,2.677158337341313,10,186,sunny,191,0,0,Neutral
4.7661581677198726,3075,5.186316186268282,3.6136105868795174,14,184,sunny,344,1,1,Negative
5.635282531478163,6864,8.146749490892397,4.822332129942768,3,209,sunny,389,0,0,Negative
4.641519211075732,14719,5.2063384465009195,4.8733080305101035,2,99,sunny,399,1,0,Negative
6.610951643294385,4198,2.549766015308164,1.5036368793564867,3,167,cloudy,176,0,1,Positive
4.244961024703107,4661,5.680655345901412,5.1455587975342345,11,124,sunny,214,1,1,Negative
5.939974918849543,14882,3.780101780315243,3.0525758602980355,10,6,rainy,343,1,1,Negative
5.885638551627896,11012,1.429261437722205,-0.18170552176849109,13,118,cloudy,140,0,1,Positive
7.739682671399288,15858,0.9428524895549011,0.8870129268207175,5,62,rainy,223,0,1,Positive
7.513717346368233,15207,5.041967124629229,3.6720947506930623,3,196,cloudy,409,1,0,Negative
7.294536636406024,11562,3.863084665238542,2.0531289349467032,1,111,sunny,242,0,0,Neutral
5.001297120427387,11013,5.16362701913079,0.8205425780397957,10,234,sunny,396,1,0,Negative
5.447085467353545,11509,8.17466199625666,3.8508404137394536,12,101,cloudy,358,1,0,Negative
8.87094850490669,8650,2.2082287280405093,0.35965225779262133,7,150,sunny,121,0,0,Positive
5.56693232845293,5871,4.584026083023504,3.752052721459382,3,255,sunny,478,0,1,Negative
7.054384027464553,13531,3.857533902421453,0.3529930508328597,7,271,cloudy,323,0,0,Positive
5.6393335423612925,3813,4.083333288442104,3.8951591838324746,3,261,sunny,295,0,0,Negative
6.154174428454773,4047,5.460271378804489,3.238054801203098,2,168,rainy,467,0,0,Negative
7.870192376197881,2595,2.0437140756418732,1.5562037107768365,7,5,rainy,102,1,1,Positive
7.1833821115687595,3724,2.507830588120666,1.2031893152587232,11,25,sunny,97,0,1,Positive
6.920575014978022,9377,2.4455541761088395,1.5181003069526209,9,90,sunny,241,0,0,Neutral
6.632913288951151,9553,3.6020597910640673,1.925012162632532,0,171,rainy,237,1,0,Neutral
9.04941712391744,2631,2.7939636755485746,3.1205892628251326,6,255,cloudy,171,0,0,Positive
6.762276691326782,10106,2.5492892114483547,0.6308624031042711,0,86,cloudy,101,1,1,Positive
6.746158572105536,2041,4.143832175979535,1.3275212894162365,0,1,rainy,79,0,1,Positive
5.474237112658842,6572,3.020702602445567,1.6290611093753817,11,249,rainy,370,1,0,Neutral
9.757423206848141,7308,3.2199084164537766,-0.6246460913986582,10,250,rainy,122,1,1,Positive
6.968424619891776,13729,4.863742592827342,1.217496585704958,0,209,sunny,342,1,1,Neutral
3.4159999407542556,2029,5.435367794040322,3.828349822102501,11,174,sunny,351,0,0,Negative
7.552293424987168,2869,5.608123772792852,3.1634732796900207,12,162,sunny,421,1,1,Negative
6.525945180694131,10020,5.005566949757308,1.411985458583353,2,112,rainy,228,1,1,Neutral
6.354896598778938,3301,1.7676296776884044,1.1273018503084056,6,69,rainy,223,1,1,Positive
7.573791990888936,7958,3.238905335972535,2.7674374006263993,9,100,cloudy,154,0,0,Positive
6.878041358165501,9110,3.331404267275555,1.5590765423879689,2,140,rainy,46,1,0,Positive
5.077214904970942,9714,5.390403703081656,1.5522756822749342,7,179,rainy,279,1,0,Neutral
7.055854828215917,10726,3.7890058923953664,2.9006403668095264,10,172,cloudy,348,0,0,Neutral
7.840427889688742,4855,1.355216611122981,0.4383580275668125,8,215,sunny,227,0,1,Positive
6.933104891068077,2754,4.224999673889242,5.311036077310202,0,294,sunny,361,0,0,Negative
7.139337266964958,10049,1.9996467238356703,1.1751726300402756,12,15,cloudy,313,1,1,Neutral
5.640504533532093,6376,5.620510192581304,4.044777638331291,14,146,rainy,290,1,0,Negative
8.163762488060192,13930,2.6650246476754624,-0.5855763689909068,4,155,cloudy,167,1,1,Positive
7.394424257268041,5230,2.8797203828398685,1.6875459522762681,13,183,rainy,177,1,0,Positive
6.70820255955153,9592,3.3707711394487156,-0.8811376515347937,13,69,sunny,137,1,1,Positive
8.035022950355401,4058,2.4905994197485684,1.061145835153216,6,294,sunny,236,0,1,Neutral
6.29054713360281,11402,5.50203263058973,4.002031735700094,13,261,sunny,373,1,0,Negative
6.424993766025433,2518,3.070670597487129,1.370116315503865,9,298,rainy,92,0,0,Positive
6.463553204968059,10601,3.513826101771231,5.726856529709013,2,157,cloudy,341,0,1,Negative
6.131712485670028,9505,3.010185268741399,2.053535208667037,6,284,sunny,261,0,1,Neutral
7.41782342442177,7402,2.181301796201649,1.3791217028088054,13,7,sunny,139,0,1,Positive
6.248704449452828,2303,2.3285836142976226,0.6724851966797629,13,53,rainy,159,1,0,Positive
6.647069261043212,6031,3.4503893413200024,4.071463051309722,4,276,rainy,285,0,0,Neutral
5.709187403110124,4341,0.9706082561479947,1.131661625733639,9,256,sunny,110,1,0,Positive
5.940741089273994,11365,1.9485588617636893,2.435271615384607,3,230,sunny,304,0,0,Neutral
7.561791006970295,9087,1.976754017234154,2.5619888652772476,8,40,sunny,128,1,0,Positive
4.975359597434482,10655,5.755938938994602,4.125382930059099,0,76,rainy,424,0,1,Negative
6.205079297553298,4941,4.317397096368166,1.9161211851607236,5,212,sunny,261,1,1,Neutral
6.385764553280321,3434,5.020003517500744,4.040932975409158,14,218,rainy,240,1,1,Neutral
6.695066273002522,7993,3.1703222152599193,-0.9890745821395037,4,286,sunny,218,1,1,Positive
6.026850442716422,9549,3.6169787032936886,4.953297396087837,14,141,rainy,387,0,0,Negative
4.358034754520638,15503,2.5963090699342577,1.6137791808253834,1,236,sunny,219,1,0,Neutral
8.519668800169354,7811,4.424020338262783,2.029975683344997,3,61,cloudy,178,0,1,Neutral
8.304505097561693,12000,1.1605392213743886,-0.2226542012436774,11,256,rainy,120,1,1,Positive
6.502571300219603,14548,2.737961040159573,1.696760523815175,2,280,sunny,286,0,1,Neutral
5.776811925444889,4275,5.3938384189523925,1.9990070302727654,9,94,rainy,364,1,1,Negative
5.027653818906213,8123,3.8707277898048247,5.574518046600814,6,135,cloudy,356,0,1,Negative
8.287970738075936,12217,0.9041227669049383,1.3550690213756404,5,169,sunny,102,0,0,Positive
4.464033334123077,12132,4.092515665977247,3.511834746798675,12,290,cloudy,307,1,0,Negative
5.792282737042379,11932,6.18803535448057,2.042331409157654,3,147,sunny,278,0,1,Negative
4.038228676639689,4196,5.584103876553372,3.1749078408322116,6,280,cloudy,358,0,1,Negative
5.997541278259258,13563,2.04383555127691,3.1513020587973823,8,183,cloudy,179,0,0,Neutral
7.165678749825251,9775,1.7474162426939979,2.7957198095198588,13,35,rainy,244,0,1,Positive
7.010159419755967,7657,6.250300728218631,3.766332381287912,14,180,sunny,317,1,0,Negative
6.818344383540208,12125,2.916788705184014,4.005753238757508,12,68,sunny,314,1,0,Neutral
7.516044704806509,8348,1.7000972011093076,0.4948657574892068,12,31,rainy,215,0,0,Positive
6.7762623606420895,8238,0.6348108008677442,0.3623427333621295,0,17,sunny,136,1,1,Positive
8.349227067079893,13984,3.9781441935726027,1.089562019576449,7,120,sunny,87,0,1,Positive
6.1643867244628785,14744,0.6960717195679302,1.8833866596852187,4,120,sunny,122,0,1,Positive
6.3322320916840855,11533,2.995867919836262,1.3638351457432827,8,274,rainy,145,1,0,Neutral
5.2663777679738155,15090,5.557333258198239,4.848336325862217,8,49,rainy,370,0,0,Negative
6.7110237723164,11776,2.6881662693789856,0.49599400712848163,14,173,cloudy,113,1,0,Positive
7.299774069699061,12653,3.3522455586315845,0.27998011270463097,13,80,rainy,71,0,1,Positive
8.961795988146944,12216,2.715215270939372,4.511243186157662,7,294,cloudy,218,0,1,Neutral
5.101312149428376,10609,4.144388546407862,4.464053635855375,14,56,cloudy,324,0,0,Negative
7.9319903207403835,7572,1.8294340821347905,1.1483230336772343,3,34,sunny,185,0,0,Positive
4.414019280610698,14525,4.565224708978141,3.3406484781380934,12,116,sunny,204,0,1,Neutral
5.63722477425636,2234,4.844959688390775,4.806194971762641,7,263,sunny,366,0,1,Negative
5.388338623058623,6665,5.45665768385854,5.055011780379506,0,153,rainy,408,0,1,Negative
8.345275713352608,5440,3.335405268019587,2.0563972603939003,8,163,sunny,140,1,1,Neutral
6.346206290540724,3784,4.095611953294549,3.265001977384508,4,166,rainy,311,1,0,Neutral
4.92359016344874,4146,4.7399149563503125,3.8804679219208476,10,214,cloudy,315,1,0,Negative
5.8943986548021385,14294,1.5200449432826588,0.6432185849841556,4,230,rainy,120,1,0,Positive
6.445476183540177,7443,4.852360887125042,4.027474460765725,7,226,sunny,301,1,0,Negative
6.955315858899018,5316,3.324633644902532,2.608815270914213,9,85,sunny,270,1,1,Neutral
6.919150403678013,2560,4.026781705257349,1.7755149252004552,0,101,cloudy,154,1,0,Neutral
7.401260580224656,11515,0.25116178628539365,1.3207909219298415,7,7,rainy,257,0,1,Positive
6.994816232899392,6215,4.180088701756615,1.2345569994992731,6,111,sunny,229,1,1,Positive
6.805683517969612,7275,4.624190940792639,4.242348265048209,9,2,sunny,377,0,1,Negative
6.183766036367227,8487,7.384658807681191,4.64673397894664,11,118,cloudy,319,1,1,Negative
8.569611594180397,8055,1.3159272638231014,1.683936821349726,10,180,cloudy,199,1,0,Positive
9.361086581154192,6933,0.7239818104511315,1.0951966045819994,5,298,sunny,202,1,0,Positive
5.839136342662227,9415,4.362707434069626,2.894948188962248,1,209,sunny,284,1,1,Neutral
5.989126668054885,10322,4.168338986360489,1.279191138581108,10,118,rainy,243,1,1,Neutral
8.096215985573723,12765,2.397926357853908,2.4732313213630865,8,91,rainy,178,1,1,Positive
9.500140273217365,7113,1.9652648667256647,1.2785087530529273,0,196,rainy,132,1,1,Positive
5.700473720151434,11098,1.8075942629435422,1.7119319654846508,6,8,cloudy,175,1,1,Neutral
9.258805677129056,14876,3.97824102253678,0.8625383882750662,11,274,cloudy,111,0,0,Positive
5.617895384498326,3973,3.898012782314682,6.507921309122615,3,103,cloudy,384,0,1,Negative
8.118938219705516,6909,1.0246039378553453,0.12636387338614508,6,91,sunny,202,1,0,Positive
6.560164921320756,12140,4.6464320138678445,1.317896600691677,5,139,sunny,245,0,1,Neutral
5.487745024671659,8417,4.421175438204646,5.137324718806083,12,211,cloudy,303,1,1,Negative
4.215429338281609,9176,6.297178295392502,4.257061774414184,4,31,rainy,336,1,1,Negative
7.322392511295202,11499,5.593506251166231,5.8362298640071995,4,95,rainy,172,1,0,Negative
7.301702192516937,10563,3.9941030260139194,1.9125185326724417,9,217,cloudy,305,1,0,Neutral
4.989836322350576,7097,4.640459673940591,3.577314881367669,14,47,sunny,232,1,1,Neutral
8.511041081676048,6789,2.4459921421870763,0.420827608963662,2,7,sunny,224,0,0,Positive
6.40892738030519,15919,3.3472622495613242,-0.545834954260195,14,69,rainy,170,0,1,Positive
5.608746429001623,8885,4.82386004170141,3.751015740990907,6,126,rainy,380,0,1,Negative
6.828762562548246,14081,0.4887464010277609,1.5944479886330614,1,77,rainy,168,1,0,Positive
5.132391226811455,12112,2.2181722136279833,0.8006389376586712,8,191,sunny,135,1,0,Positive
7.135744379939773,10397,4.377505062836434,2.9470541523241565,3,217,sunny,202,0,1,Neutral
7.217391859059403,2367,2.5818763420848905,2.3542882884509946,12,32,sunny,168,1,1,Positive
5.255758903133044,4237,5.460424965608294,3.090601397980767,5,114,cloudy,312,0,0,Negative
6.54227809531611,6498,2.22241162770335,2.28857138645774,8,214,sunny,294,1,1,Neutral
6.282280609597785,10827,6.235477906550157,2.426712513340939,14,262,rainy,377,1,1,Negative
3.661327074357127,3452,5.1321489479620555,2.9274882425740723,10,178,sunny,306,1,0,Negative
6.354424881000056,6693,2.9285982475718457,1.207160280927359,11,114,cloudy,120,0,0,Positive
5.668878145956014,2517,4.026392080151113,2.4030584423425743,9,282,rainy,248,1,0,Neutral
5.190664099381491,5800,5.3288237497327975,2.3454466653621,2,122,sunny,284,1,0,Negative
6.31057294842121,7311,4.170391688847831,1.650385978034154,3,183,sunny,211,1,0,Neutral
8.828635505041584,13578,3.3906491939662,0.06957722323873472,4,240,sunny,133,0,1,Positive
5.549039645790006,14451,6.930629194744844,5.599101054041464,5,267,sunny,353,1,0,Negative
6.153863185979461,6127,5.251149745588682,1.6604286713018217,12,267,cloudy,265,1,0,Negative
7.6729959197789555,15278,4.3219118258501545,3.3229657662850602,13,134,sunny,336,1,0,Negative
5.260535648878029,9066,4.0373801933590325,1.7618424020480137,6,173,sunny,181,0,0,Neutral
7.814922554789451,9817,1.6167766479831915,0.9560826184104327,5,296,sunny,171,1,0,Positive
6.9303415205956815,11102,3.46422777526284,0.5629785925507607,0,2,rainy,405,1,0,Neutral
5.990293155388053,6403,4.284555334320996,2.420742274503262,2,95,cloudy,186,1,0,Neutral
5.4439315019830445,3953,6.5679755819781915,4.42859586761136,8,215,sunny,313,0,1,Negative
7.485802876125578,8769,2.4430085540440696,3.097715655279608,9,110,rainy,182,1,0,Positive
7.0846019254296975,9915,3.0391123281919414,0.9174954661576278,14,280,sunny,27,0,1,Positive
5.220761531518404,3381,5.913004322915134,4.613759291020967,5,57,rainy,335,1,0,Negative
7.614410229854956,2077,1.80036264593837,1.6565453157040912,9,276,sunny,276,0,1,Positive
7.4308150237872095,9719,4.70612462176217,2.7224755766287196,13,238,rainy,292,0,1,Neutral
6.221696078382779,14474,6.04811269781519,3.2504825372530397,10,97,sunny,183,0,1,Neutral
5.201257126681223,4316,5.5427289763650425,4.6562529116930635,0,172,rainy,284,1,1,Negative
6.0972976327902275,14855,3.7314667597932103,1.6359518610527735,6,42,cloudy,252,0,0,Neutral
7.694896156483078,10670,2.189542885937794,0.20301920710635402,3,147,cloudy,154,1,0,Positive
7.041972756788591,8266,4.12301019596074,0.24374988218958116,8,297,cloudy,153,1,0,Neutral
5.900905535791025,11600,4.952877765517057,3.044354878285393,7,243,sunny,259,1,0,Neutral
4.840032229630266,8432,3.320917594806197,2.4698666935223734,14,123,cloudy,266,0,0,Neutral
7.159642209292747,15199,2.6484774155962088,1.6575055029085508,14,12,cloudy,151,1,1,Neutral
5.175856233622426,3365,5.912347741512654,1.4094913325183005,3,62,sunny,161,0,0,Neutral
9.106134738444794,11804,3.513936701987693,0.897639713521258,5,174,sunny,-9,1,0,Positive
6.258954595777639,4362,2.281503907712881,-0.007810755648258061,3,299,sunny,248,0,1,Positive
7.697096024685374,6893,1.8732169453254823,0.8858806919013368,13,37,rainy,168,1,0,Positive
5.3894620153638595,10853,3.04971816518687,2.5782411558403795,4,197,cloudy,193,1,0,Neutral
7.31720336005359,8781,2.1450540046066586,1.5088021966758771,7,101,rainy,191,0,1,Positive
4.138308920054257,3999,5.348401077603944,1.9020907529770903,1,230,sunny,390,1,1,Negative
6.28809236735676,6746,5.480962051702451,5.068306231166604,12,278,cloudy,426,0,0,Negative
5.134607293434212,7401,4.285734110430116,4.000533856895681,14,262,sunny,335,0,1,Negative
6.7964849824925375,2414,2.487414074662036,2.6521641900056983,9,251,sunny,314,0,1,Neutral
5.800485272998452,15934,3.817328953702337,3.1941767203920137,10,60,cloudy,245,1,0,Neutral
5.34391958564413,13012,3.941740707146703,4.73229995170342,10,226,cloudy,396,1,0,Negative
8.741842520147456,13002,3.117961878834028,3.636447627051515,12,271,rainy,281,0,1,Neutral
6.28950742293639,5430,2.259856908155772,0.6191761319500925,9,274,sunny,98,1,1,Positive
7.429851632301294,9922,2.2912015567057606,1.5137285362765933,8,22,sunny,62,0,1,Positive
7.259341588020031,12107,1.4270745170904617,1.6370434044266184,1,78,cloudy,105,0,0,Positive
5.735878943207555,7457,4.2617041448601345,2.246782632944532,13,248,sunny,236,1,1,Neutral
8.44388867731855,5862,3.368429088738072,2.2421051403906427,3,288,cloudy,258,0,1,Neutral
6.2708854393041165,4112,3.3873100689841147,5.5930888443569255,3,105,rainy,337,0,0,Negative
7.507375674812095,14396,2.1920176714306905,2.267113022625874,13,113,cloudy,154,1,1,Positive
6.183758874834643,6819,1.155709331404602,0.9545924076496061,14,100,rainy,146,1,0,Positive
6.799512411736311,15533,4.929782071348252,2.8506444578686194,11,227,rainy,337,0,0,Negative
7.519242531900137,10756,2.5264712398263445,2.71726668469333,12,279,sunny,223,0,1,Neutral
5.555820816122488,7342,6.453401717844596,2.9962751413587316,7,114,rainy,336,0,1,Negative
8.669728616195842,12907,1.8117480902699366,0.26203335948823425,2,136,sunny,202,0,0,Positive
6.846916071049957,2609,1.9812877262266635,2.466191108215071,3,150,cloudy,144,1,0,Positive
5.675712913451235,7927,3.935621145830418,3.699607953637765,5,187,sunny,318,1,0,Negative
5.715886699454175,7796,2.4348518956159184,0.26846236127823664,10,250,cloudy,219,1,0,Neutral
6.585892512562966,14299,1.7632920869577202,0.9457508189045528,14,231,rainy,117,1,0,Positive
7.20522496496484,11247,1.8814326560838037,0.16699531937290224,3,221,cloudy,158,1,1,Positive
6.132642175145055,5605,4.319953108061785,3.027388527565007,1,187,cloudy,272,0,0,Neutral
9.266714235917123,11379,3.326172337311763,2.295199691197347,0,38,sunny,141,0,1,Positive
6.889421445072401,7374,1.9253357301594323,0.060130757411933966,11,58,cloudy,86,0,0,Positive
7.111498491175042,15765,5.071205414831826,2.7802226777251695,2,249,cloudy,448,0,0,Negative
5.992321746611314,11710,3.8571536613077315,2.7611061815629574,0,186,cloudy,130,1,0,Neutral
9.060453343778612,14174,2.5378719724260685,0.8183875449762437,13,189,sunny,264,0,1,Positive
8.892111237778249,15764,1.6806704946731073,0.07537240687641988,6,88,rainy,161,0,0,Positive
4.988898650996162,11300,3.624957769285012,5.304537999798627,13,142,sunny,400,0,0,Negative
7.537020588049619,2268,2.3332577954056575,2.0089819726501723,4,1,rainy,221,0,0,Positive
6.521833555036612,3375,1.6087514345606353,1.596606909629358,2,64,sunny,125,1,1,Positive
5.439393437913925,10862,6.080061253867217,3.217580430817951,5,287,sunny,389,0,1,Negative
9.111755407801317,14391,2.305177155561533,-1.3032409926590103,10,47,rainy,196,1,0,Positive
7.713019687251796,13437,2.387495646450762,0.42826103218088385,5,83,rainy,146,0,1,Positive
8.408989437885547,10443,2.9870648544202236,0.9003073686180039,3,237,cloudy,165,1,1,Positive
5.218850321307574,2831,6.6808606809294355,2.5956988360348023,8,1,cloudy,285,1,1,Negative
6.281681152976889,10247,5.626253517020797,3.727652034097684,5,210,rainy,476,0,1,Negative
5.290301608018105,15727,3.503999506792991,4.097060910592473,8,49,cloudy,374,0,1,Negative
6.58995569746911,12166,2.9518625322108307,1.348849864373439,5,143,rainy,221,1,1,Neutral
5.753262954609087,14227,3.0427832475393353,3.5019207035276674,14,142,cloudy,234,1,0,Neutral
6.698214031371759,10030,3.063048007825652,-0.963239916192371,12,264,rainy,159,1,1,Positive
9.783511575910751,4319,0.7432705821227803,1.9038707331484417,2,217,rainy,54,0,0,Positive
4.835356327690128,2023,7.020060275285704,5.2674578312124405,0,158,sunny,257,1,1,Negative
6.7760121716271255,7145,3.1896557273076342,0.009264163822524707,9,93,cloudy,125,0,0,Positive
7.448284955719356,2392,1.9029495893058777,0.7471954750270413,4,128,sunny,211,0,1,Positive
3.8038280029297002,14860,2.874918692080935,4.216709125128103,12,19,sunny,368,1,0,Negative
3.4706140770650498,8194,4.558503815915196,3.6221059688904167,6,20,rainy,291,1,0,Negative
6.925999282529899,11795,2.3115618426794415,1.5878991761912116,5,168,rainy,134,1,0,Positive
6.660260071066471,3246,5.961170004879687,3.9166616566444334,1,283,sunny,333,0,1,Negative
9.344362006777228,8515,0.8066599222053485,1.4126808848119374,11,227,rainy,205,1,0,Positive
5.0034566822330095,10514,3.6086482036948535,1.189802694367792,10,46,cloudy,193,0,1,Neutral
5.183088052081617,3116,4.971047329364295,5.643924521851531,4,260,sunny,357,1,0,Negative
7.437166063928627,5236,4.732764545364407,-0.6006240772847089,12,256,rainy,128,0,0,Positive
6.635155932012889,12931,6.402266075249912,4.005702737182876,10,288,rainy,512,0,0,Negative
7.96824912974614,6667,3.874500287242289,3.6197077252488694,11,145,cloudy,241,0,0,Neutral
5.338108657073558,2506,7.297474202742052,2.819138291411708,13,204,cloudy,409,1,0,Negative
7.938683996535975,14129,6.525588931972587,3.148269908570918,6,40,sunny,333,0,0,Negative
8.372229789462272,7650,2.842341996175225,3.1052213583318578,4,63,sunny,277,1,1,Neutral
5.92542584893018,8799,0.7347419889611762,2.440059146281575,1,155,rainy,114,1,1,Positive
5.8023412236776535,2036,4.158227935344139,3.2661109242368482,4,174,rainy,405,1,1,Negative
6.086674003557667,3736,4.4396143935074495,2.406877207952562,6,58,cloudy,254,0,1,Neutral
5.910016502025441,4058,2.853207984408598,0.9756048502511381,14,186,cloudy,266,1,0,Neutral
4.636113634536859,12956,3.222060032731721,1.6367917809289274,1,177,sunny,273,1,0,Neutral
5.827505345209378,11079,5.326728470660865,2.344495698508268,2,14,rainy,201,0,1,Neutral
7.9051506063311505,14747,0.9933611404950327,0.22307033417329802,14,46,rainy,92,0,0,Positive
7.056857480288626,4035,5.006980358558529,2.9133850208671532,0,251,cloudy,268,1,1,Neutral
5.726168549819616,7014,3.1019385190343356,5.0544494187513775,1,201,cloudy,184,1,1,Neutral
4.239752638485484,14533,3.0640758770479115,1.7355979710091876,2,284,cloudy,133,1,1,Neutral
8.3869186579803,12526,2.167704533145179,2.6439372343795364,13,257,cloudy,310,0,1,Neutral
6.0658469396954775,15541,2.797790416444238,0.3843362322387268,3,222,cloudy,209,1,0,Positive
7.710614653211353,14387,0.41962555844351623,1.8589797420662855,10,251,cloudy,233,0,0,Positive
7.924254866120929,2421,6.435097584956453,4.556967856501584,0,223,sunny,365,0,1,Negative
5.478796613065427,14872,5.731217219482261,4.74755923795663,10,191,sunny,398,1,0,Negative
7.46021270964665,5129,4.213771141977697,3.6146932034586796,8,281,cloudy,178,1,1,Positive
5.903164300078759,11805,5.5571706704639325,4.507078643220566,4,205,rainy,294,0,0,Negative
9.417966844395014,9152,2.6283738891265287,2.147681302588836,11,157,cloudy,121,1,0,Positive
6.4433927361551575,8992,4.678596185244302,2.4275696846163886,1,218,cloudy,333,0,1,Negative
5.781160282002542,14363,3.8547792419803315,0.698358730749687,13,89,rainy,114,1,1,Positive
5.825175265912577,4542,-0.24010063795177894,2.3574896029198307,5,235,cloudy,255,1,0,Neutral
9.150347536539714,7250,1.9428155873364652,1.7709073956164862,7,34,rainy,124,1,1,Positive
7.896577776696932,2013,4.290861502158752,2.3505159878513298,3,201,sunny,274,1,0,Neutral
7.144437690494643,7886,2.916159156010324,3.506101706025249,14,155,cloudy,294,0,0,Neutral
6.076467637389176,15977,6.653935989215157,3.7421683354640596,9,171,rainy,386,0,1,Negative
3.7319220195176666,3354,5.303175193791724,3.2110147095269483,4,45,cloudy,317,0,0,Negative
4.504639984494867,2683,5.73295031975395,4.373170696448884,2,144,sunny,242,1,1,Negative
6.871140176779376,10969,1.7566051741440005,0.3392843934632953,1,129,sunny,42,0,0,Positive
7.7829179518664215,7123,3.739907602973778,0.13707459719900705,1,201,sunny,119,1,1,Positive
6.868870123886359,14322,3.6270239533211903,2.7816745574804913,1,124,cloudy,331,0,0,Neutral
7.1089844382396095,5338,4.112680785391098,2.28579311523405,1,90,rainy,184,0,1,Neutral
5.978612910560337,7547,4.708426253753695,2.228480279409566,7,181,cloudy,392,0,1,Negative
6.6157903479224,7666,2.530299221173572,0.7419438469438961,4,94,rainy,173,0,0,Positive
7.930820742774764,7264,3.0044994421900464,1.8760731071918073,4,52,sunny,97,0,1,Positive
4.844392892720395,11642,5.479794981939045,4.100296586576122,0,3,cloudy,268,1,1,Negative
6.660336864866704,2494,1.6848245495975724,2.0024202452130524,14,270,rainy,191,1,0,Positive
6.831812164259362,3439,3.1649086996482136,1.9432102556366666,13,103,sunny,198,1,0,Neutral
3.9893358251552966,15339,3.30886279010481,3.9061185990441847,14,167,rainy,328,1,0,Negative
8.978341958684528,11984,2.2104411850494894,1.7124469057999838,2,267,cloudy,71,0,1,Positive
5.6154700824412975,13816,3.7921216179508628,1.796484684379778,9,288,cloudy,301,0,0,Neutral
6.498388575714121,9716,4.151210007949529,2.472855069333525,4,228,sunny,317,1,1,Neutral
6.272958861599082,9797,5.770850927822188,3.128615775895743,6,101,cloudy,234,1,0,Negative
6.4304362896214435,2790,3.8383155392256594,2.3972373149822066,14,260,sunny,242,0,0,Neutral
7.112546016292232,11148,0.5735920907344971,2.6780970309137446,5,284,cloudy,121,1,1,Positive
6.2015071289399195,4532,6.299740779484299,2.689960759376241,6,263,rainy,318,0,1,Negative
4.739724495192322,2349,5.72118380393605,6.709916676031924,6,226,cloudy,315,1,0,Negative
5.33275158777312,12402,4.207882865316769,4.1077985740522625,5,190,rainy,290,0,0,Negative
6.43289131319731,15017,1.8354267490323564,1.6283547872291904,11,169,cloudy,239,0,0,Neutral
5.306461167742059,3410,5.449319381656,5.4633143612864,0,195,rainy,322,0,0,Negative
6.46620921911603,2676,0.955441643852625,-0.1886109474993749,7,281,rainy,134,0,1,Positive
8.294055087441668,15349,1.2317115224435116,-0.6155165121891895,6,98,sunny,160,0,0,Positive
7.246045645293649,14562,1.0554896141798744,-0.19067962902991087,8,252,rainy,230,0,0,Positive
6.500471019662411,3986,6.378953740699645,5.517638622858212,8,68,rainy,395,0,0,Negative
6.034987631453266,10299,5.012437819437733,4.950612929046622,13,50,sunny,383,1,0,Negative
4.607961469084733,4354,6.772762929740316,5.942515475713493,12,120,cloudy,309,0,0,Negative
4.438125983999459,15355,2.9993495939802743,4.940605112336664,9,285,cloudy,422,1,0,Negative
6.804389489825978,4788,2.6412379046460033,1.9055055574935036,10,3,sunny,158,0,1,Positive
7.819062568769739,14764,3.202345073275578,-0.5471251269967128,0,10,cloudy,182,1,0,Positive
5.477949044114981,6922,3.480941786224709,3.0037794661678845,5,64,sunny,318,0,0,Neutral
8.407474996300438,9172,2.757500177927273,1.720565984999426,1,295,cloudy,94,0,1,Positive
5.62761394051802,6862,1.233242799446585,0.4858427200129435,2,280,sunny,167,1,0,Positive
7.834080433645462,13561,3.2855048935114097,0.500732408004668,2,73,rainy,215,0,0,Neutral
6.894703369951821,8504,3.4563808250106267,0.021401562794732376,6,184,cloudy,185,0,1,Positive
5.389370612909958,10200,4.6550264345834975,1.5461390382458333,9,197,cloudy,168,1,1,Neutral
5.816160200396477,15028,5.779758470636029,2.4059721475717755,10,16,sunny,184,1,0,Negative
5.60023598682254,7009,1.1162911851499082,0.25154938574662256,12,113,cloudy,231,0,0,Positive
8.006460112613075,12033,2.761447380113371,0.07313293038318425,0,180,rainy,140,1,1,Positive
5.94122584932506,6491,4.180145766021833,3.8248682714787203,1,173,cloudy,161,0,1,Neutral
7.396608676944461,5818,0.9898181127479322,1.3302382713071585,11,153,rainy,188,1,1,Positive
6.921856134760653,8731,2.892132051610532,4.4070558424177735,5,287,rainy,382,1,1,Neutral
4.300095536726162,12847,7.349184186893842,3.7882834798113096,10,207,cloudy,250,0,0,Negative
4.013764197327347,15893,5.787352816454995,5.1789457725164025,6,13,cloudy,400,1,0,Negative
6.999101180691328,14532,5.511217473972566,5.737722640257539,6,54,cloudy,433,1,1,Negative
5.73749259232133,12846,4.784722079970369,6.198856586636564,9,40,sunny,404,0,1,Negative
7.141788308636039,8299,6.254399117520871,2.279644520636082,11,219,rainy,248,1,1,Negative
6.770851624557361,6316,2.0590079014938487,2.469427555630042,0,41,cloudy,291,0,1,Neutral
5.328396456912338,8500,5.320004042736916,5.653281908456587,6,17,rainy,225,0,0,Negative
6.062413419773209,14542,1.7648542834934622,0.5969668564969777,8,196,cloudy,243,0,1,Positive
4.874171518572038,9410,5.890466520238231,5.751443980932826,14,83,cloudy,359,0,1,Negative
7.538316011885168,7684,2.2872883381105464,1.8971526602326607,14,206,cloudy,29,1,0,Positive
5.1462048192082115,3945,6.026913597217496,6.591554354454242,10,58,rainy,284,0,0,Negative
8.487417513643475,2997,1.3630657123737593,1.8236252231242776,9,248,cloudy,256,0,0,Positive
6.598955831458598,13116,0.6024474888545914,1.6638055134467393,8,178,cloudy,70,1,0,Positive
7.094547646748749,12148,5.165449506434714,3.0764787030585525,10,262,sunny,221,1,0,Neutral
8.283988565703023,7701,3.6349809460105797,1.5389473461685874,0,173,rainy,252,0,0,Positive
5.991093809320703,9651,6.125044517340252,4.325155366301587,1,184,rainy,286,0,1,Negative
5.258374268025572,8982,3.8891614936733907,3.611058752949471,2,32,cloudy,377,0,1,Negative
4.6807842614706345,8890,2.8524619743141812,1.9961101122118512,7,71,sunny,233,1,0,Neutral
4.96724483340901,13225,5.1410708389967334,4.205957479993203,10,293,rainy,380,1,0,Negative
6.603710576676692,3232,2.2573930615477105,1.5328729289567886,5,101,cloudy,304,0,1,Neutral
7.259425841534307,3883,1.3788868908986518,-0.9902195166573788,8,289,sunny,115,0,0,Positive
5.3499912863514645,7436,2.862560796569565,2.8034519325946294,10,24,rainy,224,0,1,Neutral
8.140956321392263,10944,3.3279745857088,-2.1756864564966483,5,88,rainy,118,0,0,Positive
6.737702156203367,3549,0.3630798753703308,2.717172414970043,11,3,cloudy,86,0,1,Positive
5.698875932529227,12597,4.3328251164830975,2.951841933519189,6,168,rainy,360,0,1,Negative
5.673650395822359,4538,4.208519940828006,2.0991652897320487,7,128,cloudy,284,1,0,Neutral
4.913918115012334,4939,6.869839502480249,2.1942943253504845,0,184,rainy,370,1,0,Negative
4.769695131284246,2306,4.438831726393776,1.8379757298381425,10,164,rainy,232,1,0,Neutral
8.239340814707198,5819,0.6490338649173508,0.631508143337037,8,216,rainy,82,1,0,Positive
7.209192299164926,11742,-0.3543222329604232,0.24129904084905807,8,207,rainy,152,1,0,Positive
4.23966378027495,8880,6.533891283428073,2.6448394641576396,4,216,cloudy,334,0,1,Negative
7.184549916698551,4726,2.878071841761054,2.8994743352084917,13,3,sunny,328,0,1,Neutral
7.075202189140745,13423,3.988785742643471,3.19740970321177,3,247,rainy,222,0,0,Neutral
5.387752235264771,9140,7.514834424299486,3.324633871352213,14,282,sunny,466,0,1,Negative
4.597376142113857,12763,4.289842253760252,2.47234979993039,5,159,sunny,262,0,0,Negative
5.925297884909019,12195,7.190528132401937,3.9330195974423288,11,66,cloudy,283,1,1,Negative
7.377667099775094,2969,2.094050152967337,1.7501748266033812,12,30,sunny,86,0,1,Positive
7.267131582365162,9801,6.870038281634286,4.162401610273952,2,70,rainy,394,0,0,Negative
5.457640469121614,2520,5.787124267801169,3.030994841624452,0,115,cloudy,398,1,1,Negative
6.830646479012907,14627,2.9929400438570113,2.430411445061203,6,158,cloudy,133,0,0,Neutral
6.916185686325866,13804,5.314124859023913,4.353592368308271,2,265,sunny,372,1,1,Negative
3.562402590580722,6535,4.820021667030491,5.420212704895302,8,41,rainy,286,0,0,Negative
6.151543187129899,15424,3.0751195554649318,2.5731527131734984,8,118,cloudy,268,0,1,Neutral
6.269180904072041,10335,4.34941640576156,3.843695819043627,11,57,rainy,324,1,1,Negative
7.255985429990723,15755,1.9015104673682361,-0.6614881719287244,13,204,rainy,133,0,1,Positive
3.9934297893806767,4850,6.641150211131717,5.559500576848711,14,110,cloudy,378,1,0,Negative
6.810316570750151,3950,2.570743847188492,0.10603400192191292,0,86,cloudy,117,1,1,Positive
3.858996780570431,12606,5.948563204816122,3.4903814745310524,3,175,cloudy,344,0,1,Negative
4.714819474773096,2211,7.686785062036067,4.5689489296541,12,140,cloudy,381,1,1,Negative
6.0518893919262995,5348,4.943852704846119,4.629632065458776,0,64,rainy,243,1,1,Negative
9.783286681524974,2107,1.5842109999698233,2.0694769808283358,8,165,rainy,160,0,1,Positive
7.081912717247405,7250,0.6039072860158661,0.844625311745894,14,94,cloudy,196,0,0,Positive
5.028820157156835,5713,4.966694274265255,4.716481392912746,8,40,cloudy,407,0,0,Negative
7.302759816250683,14569,1.0353661125418607,0.43713907591148904,6,131,rainy,258,1,0,Positive
7.524524100543959,11502,3.601060844357472,1.6970825885610332,5,15,sunny,234,1,0,Neutral
6.139829113972487,12363,4.689978049795827,4.065615859646085,7,271,sunny,363,1,0,Neutral
6.19204846127104,5718,3.9125984150754998,2.496668554066295,0,115,rainy,251,1,0,Neutral
8.374400485579619,10957,0.8526609323806307,0.9992898605455615,6,215,sunny,186,0,1,Positive
7.567792378458724,3802,1.7746004598040606,2.228009785194104,7,178,cloudy,328,0,1,Positive
8.133603821417854,13325,0.868593420472983,1.0032042593447512,0,160,cloudy,221,0,0,Positive
7.955002652355315,6360,2.443043232054785,2.1141684998884984,2,227,rainy,265,1,1,Neutral
6.067916501666908,5712,5.107887838976084,3.6577776129657047,2,164,sunny,397,1,0,Negative
7.9059960751841585,12677,2.0405768157410886,0.7389068717936922,0,209,sunny,124,1,0,Positive
7.239275431878653,7369,4.542556986806641,4.669152900432576,4,118,rainy,388,0,0,Negative
5.2941603693355015,5066,5.201838876385682,4.685630046729077,0,146,cloudy,392,1,0,Negative
8.70229414760098,2344,2.2876680935109217,2.243119347836949,9,191,sunny,271,0,0,Positive
6.131243802736479,14964,4.089536505473099,5.0943769650891255,11,181,cloudy,391,0,0,Negative
7.995452878822037,6005,2.2303250913917756,2.962459473297034,14,294,cloudy,204,1,1,Positive
5.510672078309449,13423,2.606454601700298,2.649471758558406,10,224,cloudy,255,0,0,Neutral
5.537125429262091,14957,1.5217155292939428,1.038481359075586,11,183,sunny,110,1,1,Positive
6.5287955362343135,8257,3.4661730334276193,2.523211604325273,12,228,rainy,230,1,0,Neutral
5.051019470601676,9933,5.221131562677782,3.837989963042611,2,123,sunny,331,1,1,Negative
7.221886061612667,9396,4.157682096386786,2.1265878371496783,5,102,rainy,228,1,0,Neutral
5.159915470816566,10271,5.698304033868479,4.527700147331454,14,208,cloudy,385,0,0,Negative
5.730788186664327,5006,5.211145633927682,4.390274074190373,0,144,cloudy,425,0,0,Negative
6.305564349407483,4399,6.427498420319133,2.4906362653550884,6,28,rainy,344,0,0,Negative
7.856206468482974,13933,2.0594314659172093,2.32163244203648,0,289,rainy,82,1,0,Positive
6.497393061472102,5950,5.317988855099628,3.595823114772501,11,229,rainy,322,0,0,Negative
6.046734832216973,13563,4.028850154500548,0.31224807537966603,8,173,cloudy,69,1,0,Positive
5.425979088054021,8610,4.83531627679859,2.528756237713686,3,123,cloudy,308,1,0,Neutral
7.313575317130389,13118,2.23906530464536,0.7174580812298346,11,121,cloudy,226,0,1,Positive
5.143190727451955,10671,4.96851018283344,4.019592859696824,14,25,rainy,444,0,0,Negative
7.563871602205731,8660,7.087222886630707,4.770561636416788,10,219,sunny,325,1,1,Negative
7.414468475650061,12395,3.030453641479089,2.9361870953416944,6,3,rainy,172,0,1,Neutral
5.012540543069226,12253,2.1568074569115603,1.8095685706390396,12,209,sunny,204,0,1,Neutral
7.527434532212728,14628,2.112018164047077,-2.144124425528461,1,216,sunny,150,1,1,Positive
8.397479192746939,3684,0.8838937656740828,-0.14031741761296002,0,158,sunny,172,1,0,Positive
6.8840409494351595,14878,4.254634216547262,4.748054606000207,12,202,sunny,271,0,0,Negative
5.439009168591593,8909,4.140841496654788,4.760779592652334,6,159,rainy,413,0,1,Negative
5.908745018903444,6779,5.119401340673412,3.659345797139613,14,193,sunny,274,1,1,Negative
6.068075885126879,9176,4.913085536865267,3.329629840299415,14,277,cloudy,120,0,1,Neutral
7.008358053552856,15531,4.444860001993066,2.4780887638544744,12,221,rainy,276,0,1,Neutral
6.644642112912844,4235,3.9221846079690916,2.3253863468501836,3,133,rainy,408,0,1,Neutral
7.836534235392316,8911,2.0118451218458584,0.4479023579161272,11,241,cloudy,201,1,0,Positive
8.575048819112933,6570,4.244896713684229,0.7939093592835631,9,287,cloudy,190,0,0,Positive
6.169783252987816,7647,5.8733634898675495,3.9405681615347277,5,205,cloudy,239,0,1,Negative
4.603593116407953,7506,6.184420690975935,4.830505034091685,12,233,cloudy,288,0,0,Negative
8.696773302334154,13990,2.628346015080435,1.469632635390398,7,295,rainy,218,1,1,Positive
6.044355559900337,12797,6.016888712167095,4.100597947480149,13,113,rainy,326,1,0,Negative
8.991690923110287,3663,1.0610510700901314,2.2075783305652434,12,205,cloudy,134,1,0,Positive
6.887181435773914,7119,6.187799503579971,4.819547805208389,11,11,cloudy,292,0,1,Negative
8.046076975986814,15593,0.21977718003518665,2.5966566629506325,6,263,cloudy,126,0,1,Positive
8.367818830255258,7878,2.1181268385284175,0.5059813516417548,5,164,cloudy,49,0,0,Positive
7.098863677739013,12979,3.6967700900873557,2.8388541621827366,10,291,rainy,209,0,0,Neutral
6.736135922712862,8728,3.0962845761170112,1.5172841010820504,14,192,sunny,83,1,1,Positive
7.300574096355578,8222,1.90167595077771,-0.5494004744713712,11,234,rainy,174,1,0,Positive
7.077976127975302,12372,1.918433366829626,1.345769401208685,10,136,rainy,197,1,1,Positive
4.980076245565732,12718,3.36135375628263,1.4784401474183098,4,282,cloudy,216,0,1,Neutral
6.55999124283957,5556,2.109035049883258,1.1533758181704572,5,193,sunny,116,0,0,Positive
4.965170119667158,12958,3.0867251946639613,3.0529638493955362,10,291,rainy,191,1,0,Neutral
4.702138900900164,6939,6.487632191245413,5.587415849323881,12,23,rainy,300,1,0,Negative
7.520482470742362,4342,1.7697953035138196,0.02342235017811567,7,245,sunny,22,0,0,Positive
4.392711577971907,2224,6.121608611203172,3.928476665605069,8,20,cloudy,320,0,0,Negative
6.37104325320756,13004,1.781350123387905,3.1797094410202997,7,108,sunny,298,1,0,Neutral
4.2208646941347485,2330,4.675519343147709,4.604876702625972,2,241,cloudy,417,0,0,Negative
4.317724291575089,13555,3.960318609028066,3.997268522110742,12,297,sunny,299,1,1,Negative
4.273239703213713,14445,4.691635421338067,5.2001841408299665,14,79,rainy,388,0,0,Negative
8.297845468289928,14433,2.0895285542525373,0.8247406219402993,14,171,sunny,250,0,0,Positive
6.4853089194260045,10322,4.090062802105838,5.9963308367280375,2,156,cloudy,230,1,0,Negative
4.623139592140254,3959,6.1861491057622455,3.086534407179541,3,6,sunny,343,0,0,Negative
4.4812164665206415,12083,6.017175736618902,4.591226835328715,12,216,cloudy,312,1,1,Negative
6.047568544873329,15833,6.475029582981746,4.320430732493178,11,219,rainy,289,0,1,Negative
4.036794335938028,8579,4.421869531707226,2.172042082738251,9,172,rainy,364,0,0,Negative
6.610172032851267,5297,6.600397457194946,3.0074923555015456,12,33,rainy,283,0,1,Negative
2.831938651433931,2592,4.7091066016705945,4.111686930328908,10,265,rainy,234,0,1,Negative
5.765484640298406,2957,3.2976187862809274,3.892837432756857,2,81,sunny,275,0,1,Neutral
5.486629859489409,3673,3.8348886047623476,5.017124379081675,7,84,sunny,310,1,1,Negative
7.543435176865344,10556,3.9056522298046534,1.5881187014559885,1,161,cloudy,246,0,1,Neutral
6.869278650195193,14091,1.5720955396326504,0.5904479187996841,11,57,sunny,44,0,1,Positive
5.245426225752965,14989,6.711166706587082,3.338286208979652,3,27,sunny,294,0,1,Negative
7.5355305095715615,8929,5.03176842153504,3.3855011096194776,12,114,rainy,284,1,0,Neutral
5.380375737546101,5233,2.546820501984929,3.8649389996008265,7,187,sunny,331,0,0,Neutral
7.893118862359816,10696,1.2815244263968357,-0.31839062062768453,13,107,cloudy,151,1,1,Positive
6.125761436950046,2215,3.092257843256635,1.7916015302023638,2,60,cloudy,168,0,1,Positive
6.5738585312631335,10582,7.654617051603842,4.160380237394505,1,115,rainy,362,1,1,Negative
5.4040407025921375,11696,7.146517046753632,3.665428972377012,11,114,sunny,316,1,1,Negative
5.603931105785539,14230,5.617775721361663,4.366965132587698,12,168,sunny,265,1,1,Negative
6.8777659628206305,9627,3.297605737138934,0.15116258008488836,4,103,cloudy,333,1,1,Neutral
3.9950331337086036,13288,5.417360313469622,4.957869015053939,7,156,cloudy,334,1,0,Negative
6.040535292014127,15766,4.910681246234057,3.6332095159758886,11,259,cloudy,408,1,1,Negative
8.595834449256591,13071,2.2492163566394634,0.7084093509277567,14,178,cloudy,122,0,0,Positive
4.4572062541517665,7191,4.88758614007212,4.007577129194964,7,179,sunny,358,1,0,Negative
4.211139281306108,10138,5.15319204944886,5.073804341085861,12,66,cloudy,307,1,0,Negative
7.004946231428124,7736,4.678031235143372,1.7691932368261347,13,282,sunny,179,1,0,Neutral
6.94864474459683,15095,3.871638157415087,6.582913720473808,1,218,rainy,313,1,0,Negative
6.143914035210629,10276,3.8889919450030477,3.1218215275108925,12,142,cloudy,138,1,0,Neutral
6.40414228432855,12150,5.312241830428429,2.3292827210480014,14,90,rainy,352,1,1,Negative
5.386877594988417,9495,4.950951814032127,2.650046576055772,11,3,sunny,273,1,0,Neutral
7.580410802428235,14206,1.3817450193795615,0.3602146918812471,4,67,cloudy,126,0,0,Positive
6.471587697198796,10256,4.960062360958566,3.270863375137272,8,208,rainy,290,1,1,Negative
6.288687084088556,13691,5.4693886624818955,4.261471234536009,6,32,cloudy,410,0,1,Negative
7.428974863627021,2762,4.375163128819829,-0.26017122868355225,13,276,rainy,88,1,0,Positive
7.95882339379431,15961,4.302438910184393,2.909982355948967,10,69,sunny,311,1,1,Neutral
4.8018300137721095,6767,2.4908759687861135,1.5882315151934765,12,43,cloudy,256,1,0,Neutral
8.171761863856627,12002,3.79558530493921,1.060740659895015,5,213,sunny,139,1,1,Positive
5.9436039965191485,4102,4.99836740339259,4.907502762681771,1,28,rainy,412,1,1,Negative
5.746391976363963,14980,5.4133480992670115,4.8837348044314925,10,71,cloudy,317,1,0,Negative
8.258599302744063,3288,5.681598628938774,2.9886905912082335,4,115,rainy,194,0,1,Neutral
7.855020968364922,3164,5.610608533588019,2.3213794012995432,12,260,rainy,280,0,1,Neutral
7.038369956508012,15923,2.325179899004939,3.4763817445199474,0,44,cloudy,326,1,1,Neutral
4.447222383900989,7695,7.283719514091345,3.5747147316729597,1,244,sunny,454,1,0,Negative
4.644915237114121,6568,6.198063375252941,3.217990172571608,3,197,cloudy,257,1,0,Negative
6.813082590043442,8777,8.109429015453408,3.5362787647336473,11,239,rainy,278,0,1,Negative
5.143754049514653,13795,6.718595603294677,3.679271680769054,14,277,rainy,374,1,1,Negative
5.1162886985375025,13385,5.063768829155799,4.292814560840012,0,48,rainy,489,0,0,Negative
5.326579137575437,12986,4.554411409999895,4.284678599411184,13,7,cloudy,369,1,1,Negative
3.5403846447668466,4681,7.213655866823109,3.800485514541342,12,29,sunny,394,1,1,Negative
5.0597154013984555,4522,3.645935321545702,4.748766368513005,3,96,cloudy,369,1,1,Negative
4.48930071017613,10417,3.059637786786151,1.9126249334507759,7,112,cloudy,267,0,1,Neutral
4.34748002033799,15017,3.5618440347589946,4.645792976259201,14,208,rainy,363,0,1,Negative
8.21151241668592,15137,3.161879456952561,1.5087944515275167,7,68,sunny,268,1,0,Neutral
4.869752410439963,2080,1.3110392926507228,0.9046686454116668,7,146,cloudy,153,0,1,Positive
8.45469437487604,6746,-0.1960352385050501,1.7800686087003172,4,30,cloudy,160,1,1,Positive
4.856405940008114,12041,6.420264799292602,4.640610173314306,14,180,cloudy,350,0,1,Negative
7.675344272584645,14606,0.6258690632846557,-0.10922727150580824,6,88,cloudy,183,1,0,Positive
4.237385781574478,3649,3.0294202868865177,0.7616681318253491,11,217,cloudy,236,1,1,Neutral
6.779219068645369,12994,2.3953764338996733,3.0759926318532798,3,297,rainy,77,0,1,Positive
3.914282349071794,9499,2.4863107274788083,0.660433214032019,6,54,cloudy,166,1,1,Neutral
6.826535604059756,5227,1.6541276451610627,0.7884612776851171,4,3,rainy,166,0,1,Positive
6.848113189139511,5446,4.286173693504764,3.3379769863068076,10,14,rainy,411,1,1,Negative
4.423812150582037,3149,5.5653159330610125,3.497498908024405,10,10,cloudy,369,0,1,Negative
5.5550365916756395,6641,4.779252177556835,4.495432788766846,7,228,rainy,268,1,0,Negative
6.877155713687813,11980,4.642376512520222,4.552100675534701,11,90,sunny,348,0,0,Negative
4.18906979321533,6710,4.7673010110276435,3.066383682521297,13,283,rainy,334,1,0,Negative
7.5628289893405105,13681,3.771728207672603,-0.11060679988738564,13,11,cloudy,211,0,0,Positive
7.268357160070024,11582,1.57929440107007,2.5950026624748332,1,63,rainy,206,0,1,Neutral
7.942173107609765,14548,3.2929483421742876,0.06398156901819729,5,288,sunny,150,1,1,Positive
5.924800322496408,12625,4.675155391919875,2.4109578805035,8,45,sunny,208,1,0,Neutral
4.190225592939708,9351,6.43942997915247,4.762961417847855,10,194,cloudy,314,0,1,Negative
4.872523205437197,10532,3.524214310140723,4.212724930895694,9,60,rainy,266,0,0,Neutral
6.219438110876368,7683,2.313617999318298,3.3110896766545226,2,46,rainy,369,0,0,Neutral
5.070637636915808,2703,4.018781129581944,-0.351232726792289,1,37,cloudy,267,1,1,Negative
7.612495042597628,4289,1.6067177839052105,0.5628309622613805,0,178,sunny,230,1,0,Positive
6.94348694490866,3209,2.1719953727018906,1.528657680166673,11,54,sunny,209,1,0,Neutral
5.949176412902754,13520,6.162726713718078,2.540190515770294,2,122,cloudy,240,0,1,Neutral
6.274104328863923,14756,5.924529718948341,2.8207069141291035,4,86,cloudy,423,0,0,Negative
6.898159680378623,2909,2.5658356789777645,2.6675242522829796,12,65,sunny,216,0,0,Positive
5.476352396362465,14475,1.2811151922481594,0.08970949965384467,6,91,rainy,155,0,0,Positive
5.127159882065437,3151,5.010117576000772,4.817619840605491,12,108,rainy,302,1,1,Negative
5.96234131467794,8857,6.220132748060934,3.9702237919572507,3,157,cloudy,419,1,0,Negative
5.940000838485724,8765,5.68406849165933,4.106767522442869,3,280,rainy,405,0,1,Negative
5.494220650610321,12539,4.411339431814341,4.086077161297449,0,148,cloudy,339,0,0,Negative
6.564267211768661,9522,2.8235721611571147,3.053781194426611,1,299,sunny,349,1,1,Neutral
6.900777645480181,2646,4.9856715441331705,3.4403038653032856,10,99,rainy,295,1,0,Negative
4.45518174616073,10621,5.6591455777060204,4.575774331890776,7,25,sunny,373,0,1,Negative
8.114775382773185,5206,1.3249334634383563,0.2083760995796231,5,38,sunny,88,1,1,Positive
4.372418385851355,4413,4.313283201868508,5.708939491497404,14,44,rainy,349,0,0,Negative
6.118696904852192,8153,4.4735767951881575,2.170257635237482,7,56,sunny,323,0,1,Neutral
5.412354470332576,13658,3.6305240258649403,2.5629593552639047,1,253,cloudy,256,1,1,Neutral
7.06952694276261,5528,4.022083253352824,1.0340856714920479,13,176,sunny,206,1,1,Neutral
8.262452611233899,8956,2.0204284508462305,3.047063630030381,9,118,sunny,191,1,0,Positive
9.301903735545102,12384,2.121700890888425,0.671175066252304,10,41,sunny,296,1,1,Positive
6.487541051544253,10527,1.9016157852100333,2.3275633526252757,7,250,rainy,207,1,0,Positive
7.661862018784796,15254,2.7133556488742268,-0.9442476514722014,14,252,sunny,72,1,0,Positive
7.761313894901545,6371,1.5516211203588954,1.8087381876764645,2,171,rainy,161,0,1,Positive
5.439163527562665,6344,4.954901989621403,4.5501661273038865,3,85,cloudy,292,0,0,Negative
7.577245188475809,7327,0.7347537509095678,1.1276279574426957,10,4,cloudy,181,0,0,Positive
7.858164220884251,5737,4.2580380514217575,3.9288924243579757,11,166,rainy,326,0,0,Neutral
5.432949931036857,14101,2.9463576100687687,1.5814809235298952,3,41,rainy,223,0,0,Neutral
9.216085965171724,12983,1.1140457783873972,0.7372351886206285,8,76,sunny,214,0,1,Positive
7.03403587572026,8452,3.6983270593553415,3.182169482807615,14,154,sunny,307,1,0,Neutral
6.870400142230112,8615,5.021467059560817,2.9681317410191705,4,68,sunny,297,0,0,Negative
6.666270029192002,8523,3.1720819436895824,3.0643882091047265,1,15,cloudy,254,0,0,Neutral
4.993408844994506,4565,4.246813832848933,1.0808144921063558,12,158,sunny,314,0,1,Neutral
7.5518986140724165,6698,2.1544922719800255,3.493902235847835,2,246,sunny,167,0,1,Neutral
7.659638064519098,13457,1.510485440555115,0.8173295110271963,10,272,rainy,217,0,0,Positive
7.955018654129978,9632,2.680414792381863,1.9443792486633673,9,126,cloudy,265,0,0,Positive
5.684799986124469,6319,2.908091886527606,1.8849791512995058,11,292,rainy,347,1,0,Neutral
6.291297947638641,6871,4.76916904774765,2.1667544675073134,5,2,sunny,370,1,0,Negative
6.333944600166438,5301,3.364756840991918,1.3385231183639814,4,70,rainy,192,1,0,Positive
6.338858940781618,14058,6.950396062874619,4.379048181308471,3,131,cloudy,329,1,0,Negative
4.741036996935009,10261,3.0852123376428744,3.1133491654036356,4,7,sunny,346,1,1,Neutral
7.744619610992953,7089,2.6150403669105415,1.0471712016672168,8,299,sunny,164,1,0,Positive
7.789323478626212,5530,1.9680195571905403,1.4450441202966227,14,297,cloudy,123,0,1,Positive
5.969615272413863,13592,1.718036173153393,2.945743176386822,7,180,cloudy,95,1,0,Positive
6.024675013263092,10178,2.6541499304156235,1.2988633451619132,7,242,cloudy,47,0,0,Positive
5.193483384823897,11936,2.7400657321820927,3.001249396289432,4,263,sunny,200,1,1,Neutral
6.4432891015955045,7757,3.8362540203704105,4.325885752307694,2,299,cloudy,261,0,0,Neutral
6.155810697313499,6176,1.5050542807538048,1.819420789397694,10,296,rainy,212,1,1,Positive
6.461668894268813,7071,4.3846521469983175,5.800338063022555,9,91,rainy,299,1,1,Negative
7.1423860227470515,15318,-0.21594364533817334,1.5808521629912065,8,115,sunny,200,0,0,Positive
3.9413623709202636,12115,6.4253949468215295,3.9256841909233278,12,247,sunny,374,0,1,Negative
5.8253399319277035,15584,3.4352078403720903,0.5373256760997382,7,182,cloudy,157,1,0,Positive
8.087283076260992,4386,3.5719851949360217,1.783821942737759,14,153,cloudy,218,0,0,Neutral
4.808277463476161,13678,6.795179140678363,5.17603494217458,2,285,sunny,249,1,0,Negative
5.26868069985498,2374,4.271292004299766,4.645162952135586,9,170,rainy,392,1,0,Negative
4.314781852653919,12120,5.26773037448412,3.5280455091830616,6,267,sunny,340,0,0,Negative
6.345390968905791,2886,2.2380403035149214,0.7670249803192133,4,228,cloudy,179,1,1,Positive
6.386658601929964,11065,6.552702173978069,4.2050005782340865,14,181,cloudy,328,1,0,Negative
7.49710880040578,5469,1.276653200707405,0.17775368696191796,6,9,rainy,177,1,0,Positive
4.7242364644695085,13592,5.936158935003908,4.932801927677758,1,257,rainy,265,0,1,Negative
8.365257257434463,14843,3.065209353250099,1.812702977449269,2,74,rainy,281,0,0,Neutral
6.682280316391342,15489,3.036295552866027,1.9822773578747293,1,256,sunny,228,0,1,Neutral
5.366162558158545,7450,5.454283157847231,2.9578971567747563,14,30,cloudy,292,0,1,Negative
6.555722495398627,6768,3.085927611385284,0.4650687388091572,1,243,cloudy,109,0,0,Positive
8.80770552229633,4331,0.8833504710433191,1.4755400918370305,13,103,sunny,80,1,1,Positive
8.979274209115445,12215,3.4028629969041333,0.9591012895571362,7,242,sunny,113,0,1,Positive
4.458954546659097,2688,1.336338987183638,2.3989974826946234,0,224,cloudy,266,1,1,Neutral
4.751701438922003,2202,4.0945965491020235,3.798726189770947,1,274,rainy,421,0,0,Negative
8.48213863527162,11421,4.469623729224047,3.2780035433679284,8,98,cloudy,298,0,1,Neutral
5.503909020718403,8363,5.932898506063299,6.048715840451678,7,287,cloudy,288,1,1,Negative
6.766718708818619,15150,4.529408918230915,2.3034427555790065,6,222,cloudy,123,0,0,Neutral
5.5115344760831695,7970,5.70647176075273,3.447063279421775,10,253,rainy,344,1,0,Negative
7.896397881978083,4779,2.1033900987175107,0.3063169156168094,2,167,rainy,57,1,0,Positive
7.430113700239679,7335,5.011865305196297,2.844046137994924,13,26,cloudy,230,1,0,Neutral
8.163339665974362,13079,3.329877695248834,2.2644966856661473,8,35,cloudy,362,0,1,Neutral
8.970772909134588,5962,2.4402585410663242,1.2393062974182816,5,191,sunny,151,0,1,Positive
4.1747067200687855,14352,4.422229403797649,5.2588776164959175,11,244,rainy,369,1,1,Negative
6.0763852048684335,12382,4.206471613702374,1.8503835134879665,12,80,rainy,261,0,0,Neutral
8.288858645908109,13998,1.539784360525704,1.255604310144209,14,51,rainy,119,1,1,Positive
8.833327198813677,12343,1.5698974593315094,2.735681754289052,12,258,cloudy,146,1,0,Positive
6.777327595133347,14286,2.351056397786234,-0.870434468463037,9,92,sunny,252,1,1,Positive
6.407802610626298,8902,6.317325914974847,3.6015047049449986,3,225,rainy,390,1,0,Negative
7.705675789735175,5288,2.6472857679326167,2.6067204929519576,9,44,rainy,291,1,1,Neutral
5.698738509870783,13130,4.064210640394817,3.9146097426889708,10,89,rainy,173,0,0,Neutral
6.8732552695923435,9200,3.772110643262288,3.693810490625256,5,156,sunny,216,1,1,Neutral
5.816662599623257,10110,3.9511407898571997,2.4951583386649525,10,67,rainy,356,0,1,Neutral
5.848393642762498,11886,2.342470736503969,0.7579806786509057,7,178,sunny,212,0,1,Positive
7.035229876607273,2919,1.9811313408424707,1.609974448226761,6,96,cloudy,226,1,1,Neutral
6.318915212604532,4719,2.2719051673844612,0.8167931929851824,2,87,rainy,186,1,1,Neutral
8.628475451481993,8099,4.2510995977945365,1.2867476698475817,11,128,rainy,407,0,1,Neutral
5.133852984747927,11590,5.4640777299005565,4.103186327924199,2,119,cloudy,280,1,1,Negative
6.640603466411539,6980,1.2290101524775627,3.067447073807415,4,185,sunny,179,0,0,Positive
6.750804606776413,5877,0.9439260761904171,1.5481647358267514,5,135,sunny,268,1,0,Positive
4.274232948876512,14465,3.713176263766391,2.113996637790688,13,85,rainy,297,1,0,Neutral
5.678620198825937,7526,4.781126250937759,2.5506985362647825,8,241,cloudy,393,1,1,Negative
7.794953983213136,14569,2.090815218443837,1.122981429208863,3,169,sunny,168,0,0,Neutral
5.932697366445785,7106,1.0830705887325065,1.519523258100563,9,156,cloudy,36,0,1,Positive
7.020702670930103,2504,0.982026671926238,1.4582291297857741,11,207,cloudy,162,1,1,Positive
5.62354098942141,10086,4.047688224821595,3.5044454907755394,11,91,rainy,314,0,1,Negative
4.84531211948098,12773,5.501852923106372,2.9075595124532985,5,298,rainy,426,1,0,Negative
6.560701248405782,3153,4.52612728627903,5.2948273606658365,14,7,sunny,304,0,1,Negative
5.189361886691754,2028,4.384136682948718,4.576769311462797,6,198,rainy,312,1,1,Negative
4.5906461087069745,3723,3.19083148561852,0.8275554124291193,5,57,sunny,276,0,0,Neutral
6.376726259234491,4659,5.023880368095526,4.087573598520271,3,2,cloudy,327,0,1,Negative
6.916805238823259,2411,3.5964791426052356,4.446049502545879,4,88,rainy,255,1,0,Neutral
6.073416190399748,14022,7.427504315362604,4.517675940349428,1,82,sunny,280,1,1,Negative
7.0628401317445695,15684,0.7466697287195465,2.3451845940307656,7,69,sunny,110,0,0,Positive
5.34587799402002,5903,3.822205082975272,3.2071580306332685,14,198,cloudy,274,1,0,Neutral
6.019212570698824,10158,3.704318590616116,3.1342845103835337,1,114,rainy,294,0,0,Neutral
5.990012075040426,11827,4.097560141842776,5.24604999965613,3,195,rainy,268,1,0,Negative
7.152218729285353,3588,2.1873263779683327,0.8734843876032199,1,37,rainy,175,0,1,Positive
4.103784633598909,10407,5.844969114462025,3.6045955099652542,13,162,cloudy,226,0,0,Negative
5.686373821950492,6234,5.092497767223173,4.005199495387546,10,68,cloudy,330,1,1,Negative
5.925504361517139,15649,2.92828096652156,1.5639905014557334,13,5,rainy,203,1,1,Neutral
6.871329968250909,13772,3.971626518044068,4.395849665415059,11,221,rainy,287,0,0,Negative
7.230173758218302,7972,6.099867164379057,1.031633043535574,12,133,cloudy,186,0,1,Neutral
8.443232687803684,9334,1.7527342841619946,1.1347068588555278,11,243,cloudy,109,1,1,Positive
5.672492121618497,13940,3.1688166498261703,1.078096364721088,13,291,cloudy,275,1,0,Neutral
7.267365042383242,6513,2.899043020617543,3.294441648301217,13,6,sunny,266,0,1,Neutral
4.047827257754216,15060,5.752216746866696,4.920086518139662,5,179,rainy,327,0,0,Negative
4.913398112681378,4486,6.7938466907156485,4.337804399936201,12,11,sunny,439,0,0,Negative
4.8055149373049195,9692,2.232463904114052,1.5830859517583937,0,54,rainy,102,1,1,Positive
7.739405856923016,8666,1.5580509740508104,2.4664485183172022,9,81,sunny,243,0,0,Positive
6.594133577806189,10657,4.810264603383328,3.0574867959048966,0,106,cloudy,243,0,0,Neutral
6.897129232877993,11752,5.183457948672893,1.9527972559904558,9,110,cloudy,154,0,0,Neutral
9.626902349782222,14336,0.20575412983901153,3.8187800955155633,12,99,sunny,164,1,1,Positive
7.0990905436234915,11330,1.9390628535271888,-0.2798253433868578,5,118,rainy,104,1,0,Positive
7.1357105510952366,8538,2.74153818057832,1.7692296310467637,2,101,sunny,132,1,1,Positive
6.700089401791611,8035,2.134447273079128,3.621907348847766,10,71,rainy,233,0,1,Neutral
5.629854389672792,7030,3.948891164468722,4.29255577027538,7,225,cloudy,415,1,0,Negative
4.905721755934131,5111,4.584747576637705,4.274056337703938,1,99,sunny,161,0,0,Neutral
5.040941133491389,15541,2.4762985475991455,2.524792659251042,7,234,cloudy,409,0,0,Neutral
6.7799288298781475,5917,4.144001698894911,1.904466125694321,4,270,sunny,228,1,0,Neutral
4.574537487355276,3115,6.676685971272961,4.514498337067886,14,99,sunny,363,1,0,Negative
7.049154626351788,5534,2.7661832739738217,0.403442518784352,14,261,cloudy,245,1,1,Neutral
6.497975918488811,8176,6.8669299763127425,4.1692645991903765,10,182,sunny,378,0,1,Negative
6.428923235323316,3200,2.55897729730836,1.4862908949194873,1,101,sunny,256,1,1,Positive
5.312367548467601,6372,7.014894590303676,2.976746627501882,4,248,cloudy,339,0,1,Negative
5.162536001873122,7367,5.767469069845969,4.831863127188393,11,48,rainy,359,1,0,Negative
8.149287714221252,10824,2.3090484603994543,1.7783827621986603,1,169,cloudy,140,1,0,Positive
7.427118564479336,14827,3.7113230276099753,3.3737310456606764,4,111,sunny,212,1,0,Neutral
9.657531149430312,11350,0.46269171455759284,1.8578953175504345,0,212,cloudy,120,1,1,Positive
5.421929074531374,7870,3.471316762502407,3.1492105278342115,5,202,sunny,239,1,1,Neutral
4.75853846907955,5939,3.3621003011012935,3.6271545144715462,11,227,sunny,290,1,1,Neutral
7.503208058357159,6078,1.785010151171459,-0.04674398640556787,6,191,sunny,120,1,1,Positive
5.642456463160453,14129,3.7974056603168713,1.9136530890797658,4,50,rainy,141,1,0,Neutral
8.254006702994584,13146,1.0789204256263807,1.9864757864530982,11,240,cloudy,142,1,1,Positive
4.5164226642254235,7894,4.776789087108996,4.093718208322792,3,115,cloudy,271,1,0,Negative
7.500010395585755,3663,2.624894757964489,1.6918185553969214,8,117,cloudy,28,1,1,Positive
5.219685241379325,7781,5.483771547924104,2.4940757623600778,9,287,sunny,266,0,0,Negative
6.58191690330474,13423,1.0879310541134908,1.7877372368885402,10,247,sunny,150,0,0,Positive
8.347730077832512,4622,1.961989310773658,-0.5614573611520124,7,213,rainy,126,1,0,Positive
8.201234021947554,10684,0.269380352881752,2.1665758709693494,8,229,cloudy,204,0,1,Positive
4.2477301824109,14636,5.506561849882305,4.449916071401734,2,264,sunny,291,1,0,Negative
5.951448698454679,13714,5.578229962808275,0.854406276210008,0,131,sunny,166,1,1,Neutral
8.89109855360056,8382,1.4158855899850442,1.4182139187503275,1,70,rainy,185,1,1,Positive
